Workbook

Sheet Instrucciones
A1: Plan de pruebas — Ciudad Alerta
A2: Prototipo funcional · Proyecto Capstone 2026-2 · Duoc UC
A5: Cómo usar este libro
A6: 1 | B6: La hoja "Casos de prueba" contiene los 253 casos. Las columnas sombreadas en amarillo son las que se completan al ejecutar.
A7: 2 | B7: Registra el resultado eligiendo un valor de la lista desplegable: Aprobado, Fallido, Bloqueado o No ejecutado.
A8: 3 | B8: La hoja "Resumen" se actualiza sola con fórmulas; no requiere edición manual.
A9: 4 | B9: La hoja "Regresión" define el recorrido mínimo antes de cada entrega.
A10: 5 | B10: La hoja "Trazabilidad" vincula cada historia de usuario con sus casos.
A12: Criterio de aceptación de la entrega
B13: Ningún caso de prioridad A puede quedar en estado Fallido.
B14: Los casos B fallidos se registran como deuda conocida en el informe de avance.
B15: Los casos C fallidos quedan como observaciones para el informe final.
A17: Prioridades
A18: A | B18: Bloquea la entrega
A19: B | B19: Afecta la experiencia de uso
A20: C | B20: Mejora deseable
A22: Tipos de prueba
A23: F | B23: Funcional
A24: S | B24: Seguridad
A25: I | B25: Integración
A26: NF | B26: No funcional (rendimiento, robustez)
A27: UX | B27: Usabilidad y accesibilidad

Sheet Entornos y datos
A1: Entornos de prueba
A3: Entorno | B3: Descripción
A4: E1 | B4: Navegador de escritorio con ionic serve (Chrome)
A5: E2 | B5: Emulador Android, APK de depuración
A6: E3 | B6: Dispositivo físico Android, APK de depuración
A7: E4 | B7: Consola de Firebase: Authentication, Firestore y Rules Playground
A10: Cuentas de prueba
A12: Cuenta | B12: Correo | C12: Rol | D12: Uso
A13: U1 | B13: ciudadano1@prueba.cl | C13: ciudadano | D13: Autor de reportes
A14: U2 | B14: ciudadano2@prueba.cl | C14: ciudadano | D14: Confirmaciones comunitarias
A15: U3 | B15: operador@prueba.cl | C15: operador | D15: Gestión de estados (HU-28)
A16: U4 | B16: correo real del equipo | C16: ciudadano | D16: Recuperación de contraseña (CA-75)
A19: Preparación previa
A20: 1. | B20: Eliminar los reportes creados en sprints anteriores: los documentos sin los campos geohash y organismo quedan fuera de las consultas del mapa.
A21: 2. | B21: Desplegar reglas e índices antes de comenzar: firebase deploy --only firestore:rules,firestore:indexes
A22: 3. | B22: Asignar rol operador a U3 editando su documento en la colección users desde la consola.
A23: 4. | B23: Verificar que el proveedor Correo/contraseña esté habilitado en Authentication.

Sheet Resumen
A1: Resumen de ejecución
A2: Todas las celdas se calculan desde la hoja "Casos de prueba".
A4: Avance por prioridad
A5: Prioridad | B5: Total | C5: Aprobado | D5: Fallido | E5: Bloqueado | F5: Pendiente | G5: % avance
A6: A | B6: =COUNTIF('Casos de prueba'!$F$2:$F$254,$A6) -> 164 | C6: =COUNTIFS('Casos de prueba'!$F$2:$F$254,$A6,'Casos de prueba'!$K$2:$K$254,"Aprobado") -> 2 | D6: =COUNTIFS('Casos de prueba'!$F$2:$F$254,$A6,'Casos de prueba'!$K$2:$K$254,"Fallido") -> 0 | E6: =COUNTIFS('Casos de prueba'!$F$2:$F$254,$A6,'Casos de prueba'!$K$2:$K$254,"Bloqueado") -> 0 | F6: =B6-C6-D6-E6 -> 162 | G6: =IFERROR(C6/B6,0) -> 0.012195122
A7: B | B7: =COUNTIF('Casos de prueba'!$F$2:$F$254,$A7) -> 73 | C7: =COUNTIFS('Casos de prueba'!$F$2:$F$254,$A7,'Casos de prueba'!$K$2:$K$254,"Aprobado") -> 0 | D7: =COUNTIFS('Casos de prueba'!$F$2:$F$254,$A7,'Casos de prueba'!$K$2:$K$254,"Fallido") -> 0 | E7: =COUNTIFS('Casos de prueba'!$F$2:$F$254,$A7,'Casos de prueba'!$K$2:$K$254,"Bloqueado") -> 0 | F7: =B7-C7-D7-E7 -> 73 | G7: =IFERROR(C7/B7,0) -> 0
A8: C | B8: =COUNTIF('Casos de prueba'!$F$2:$F$254,$A8) -> 16 | C8: =COUNTIFS('Casos de prueba'!$F$2:$F$254,$A8,'Casos de prueba'!$K$2:$K$254,"Aprobado") -> 0 | D8: =COUNTIFS('Casos de prueba'!$F$2:$F$254,$A8,'Casos de prueba'!$K$2:$K$254,"Fallido") -> 0 | E8: =COUNTIFS('Casos de prueba'!$F$2:$F$254,$A8,'Casos de prueba'!$K$2:$K$254,"Bloqueado") -> 0 | F8: =B8-C8-D8-E8 -> 16 | G8: =IFERROR(C8/B8,0) -> 0
A9: Total | B9: =SUM(B6:B8) -> 253 | C9: =SUM(C6:C8) -> 2 | D9: =SUM(D6:D8) -> 0 | E9: =SUM(E6:E8) -> 0 | F9: =SUM(F6:F8) -> 251 | G9: =IFERROR(C9/B9,0) -> 0.0079051383
A11: Avance por tipo de prueba
A12: Tipo | B12: Descripción | C12: Total | D12: Aprobado | E12: Pendiente
A13: F | B13: Funcional | C13: =COUNTIF('Casos de prueba'!$G$2:$G$254,$A13) -> 125 | D13: =COUNTIFS('Casos de prueba'!$G$2:$G$254,$A13,'Casos de prueba'!$K$2:$K$254,"Aprobado") -> 0 | E13: =C13-D13 -> 125
A14: S | B14: Seguridad | C14: =COUNTIF('Casos de prueba'!$G$2:$G$254,$A14) -> 55 | D14: =COUNTIFS('Casos de prueba'!$G$2:$G$254,$A14,'Casos de prueba'!$K$2:$K$254,"Aprobado") -> 0 | E14: =C14-D14 -> 55
A15: I | B15: Integración | C15: =COUNTIF('Casos de prueba'!$G$2:$G$254,$A15) -> 24 | D15: =COUNTIFS('Casos de prueba'!$G$2:$G$254,$A15,'Casos de prueba'!$K$2:$K$254,"Aprobado") -> 2 | E15: =C15-D15 -> 22
A16: NF | B16: No funcional | C16: =COUNTIF('Casos de prueba'!$G$2:$G$254,$A16) -> 15 | D16: =COUNTIFS('Casos de prueba'!$G$2:$G$254,$A16,'Casos de prueba'!$K$2:$K$254,"Aprobado") -> 0 | E16: =C16-D16 -> 15
A17: UX | B17: Usabilidad y accesibilidad | C17: =COUNTIF('Casos de prueba'!$G$2:$G$254,$A17) -> 34 | D17: =COUNTIFS('Casos de prueba'!$G$2:$G$254,$A17,'Casos de prueba'!$K$2:$K$254,"Aprobado") -> 0 | E17: =C17-D17 -> 34
A19: Avance por módulo
A20: Módulo | B20: Total | C20: Aprobado | D20: Fallido | E20: Pendiente | F20: % avance
A21: Registro de usuario (CA-48) | B21: =COUNTIF('Casos de prueba'!$B$2:$B$254,$A21) -> 18 | C21: =COUNTIFS('Casos de prueba'!$B$2:$B$254,$A21,'Casos de prueba'!$K$2:$K$254,"Aprobado") -> 2 | D21: =COUNTIFS('Casos de prueba'!$B$2:$B$254,$A21,'Casos de prueba'!$K$2:$K$254,"Fallido") -> 0 | E21: =B21-C21-D21 -> 16 | F21: =IFERROR(C21/B21,0) -> 0.11111111
A22: Inicio de sesión (CA-49) | B22: =COUNTIF('Casos de prueba'!$B$2:$B$254,$A22) -> 12 | C22: =COUNTIFS('Casos de prueba'!$B$2:$B$254,$A22,'Casos de prueba'!$K$2:$K$254,"Aprobado") -> 0 | D22: =COUNTIFS('Casos de prueba'!$B$2:$B$254,$A22,'Casos de prueba'!$K$2:$K$254,"Fallido") -> 0 | E22: =B22-C22-D22 -> 12 | F22: =IFERROR(C22/B22,0) -> 0
A23: Recuperación de contraseña (CA-75) | B23: =COUNTIF('Casos de prueba'!$B$2:$B$254,$A23) -> 10 | C23: =COUNTIFS('Casos de prueba'!$B$2:$B$254,$A23,'Casos de prueba'!$K$2:$K$254,"Aprobado") -> 0 | D23: =COUNTIFS('Casos de prueba'!$B$2:$B$254,$A23,'Casos de prueba'!$K$2:$K$254,"Fallido") -> 0 | E23: =B23-C23-D23 -> 10 | F23: =IFERROR(C23/B23,0) -> 0
A24: Sesión y control de acceso (CA-50, CA-77) | B24: =COUNTIF('Casos de prueba'!$B$2:$B$254,$A24) -> 12 | C24: =COUNTIFS('Casos de prueba'!$B$2:$B$254,$A24,'Casos de prueba'!$K$2:$K$254,"Aprobado") -> 0 | D24: =COUNTIFS('Casos de prueba'!$B$2:$B$254,$A24,'Casos de prueba'!$K$2:$K$254,"Fallido") -> 0 | E24: =B24-C24-D24 -> 12 | F24: =IFERROR(C24/B24,0) -> 0
A25: Reglas de seguridad de Firestore (CA-79) | B25: =COUNTIF('Casos de prueba'!$B$2:$B$254,$A25) -> 33 | C25: =COUNTIFS('Casos de prueba'!$B$2:$B$254,$A25,'Casos de prueba'!$K$2:$K$254,"Aprobado") -> 0 | D25: =COUNTIFS('Casos de prueba'!$B$2:$B$254,$A25,'Casos de prueba'!$K$2:$K$254,"Fallido") -> 0 | E25: =B25-C25-D25 -> 33 | F25: =IFERROR(C25/B25,0) -> 0
A26: Fotografía del reporte | B26: =COUNTIF('Casos de prueba'!$B$2:$B$254,$A26) -> 18 | C26: =COUNTIFS('Casos de prueba'!$B$2:$B$254,$A26,'Casos de prueba'!$K$2:$K$254,"Aprobado") -> 0 | D26: =COUNTIFS('Casos de prueba'!$B$2:$B$254,$A26,'Casos de prueba'!$K$2:$K$254,"Fallido") -> 0 | E26: =B26-C26-D26 -> 18 | F26: =IFERROR(C26/B26,0) -> 0
A27: Ubicación del reporte (CA-52) | B27: =COUNTIF('Casos de prueba'!$B$2:$B$254,$A27) -> 12 | C27: =COUNTIFS('Casos de prueba'!$B$2:$B$254,$A27,'Casos de prueba'!$K$2:$K$254,"Aprobado") -> 0 | D27: =COUNTIFS('Casos de prueba'!$B$2:$B$254,$A27,'Casos de prueba'!$K$2:$K$254,"Fallido") -> 0 | E27: =B27-C27-D27 -> 12 | F27: =IFERROR(C27/B27,0) -> 0
A28: Descripción y creación del reporte | B28: =COUNTIF('Casos de prueba'!$B$2:$B$254,$A28) -> 20 | C28: =COUNTIFS('Casos de prueba'!$B$2:$B$254,$A28,'Casos de prueba'!$K$2:$K$254,"Aprobado") -> 0 | D28: =COUNTIFS('Casos de prueba'!$B$2:$B$254,$A28,'Casos de prueba'!$K$2:$K$254,"Fallido") -> 0 | E28: =B28-C28-D28 -> 20 | F28: =IFERROR(C28/B28,0) -> 0
A29: Componente de mapa (CA-51) | B29: =COUNTIF('Casos de prueba'!$B$2:$B$254,$A29) -> 12 | C29: =COUNTIFS('Casos de prueba'!$B$2:$B$254,$A29,'Casos de prueba'!$K$2:$K$254,"Aprobado") -> 0 | D29: =COUNTIFS('Casos de prueba'!$B$2:$B$254,$A29,'Casos de prueba'!$K$2:$K$254,"Fallido") -> 0 | E29: =B29-C29-D29 -> 12 | F29: =IFERROR(C29/B29,0) -> 0
A30: Detección de coincidencias (HU-20) | B30: =COUNTIF('Casos de prueba'!$B$2:$B$254,$A30) -> 18 | C30: =COUNTIFS('Casos de prueba'!$B$2:$B$254,$A30,'Casos de prueba'!$K$2:$K$254,"Aprobado") -> 0 | D30: =COUNTIFS('Casos de prueba'!$B$2:$B$254,$A30,'Casos de prueba'!$K$2:$K$254,"Fallido") -> 0 | E30: =B30-C30-D30 -> 18 | F30: =IFERROR(C30/B30,0) -> 0
A31: Confirmación comunitaria (HU-21/22) | B31: =COUNTIF('Casos de prueba'!$B$2:$B$254,$A31) -> 12 | C31: =COUNTIFS('Casos de prueba'!$B$2:$B$254,$A31,'Casos de prueba'!$K$2:$K$254,"Aprobado") -> 0 | D31: =COUNTIFS('Casos de prueba'!$B$2:$B$254,$A31,'Casos de prueba'!$K$2:$K$254,"Fallido") -> 0 | E31: =B31-C31-D31 -> 12 | F31: =IFERROR(C31/B31,0) -> 0
A32: Mapa de incidencias y Cerca de mí (HU-25) | B32: =COUNTIF('Casos de prueba'!$B$2:$B$254,$A32) -> 18 | C32: =COUNTIFS('Casos de prueba'!$B$2:$B$254,$A32,'Casos de prueba'!$K$2:$K$254,"Aprobado") -> 0 | D32: =COUNTIFS('Casos de prueba'!$B$2:$B$254,$A32,'Casos de prueba'!$K$2:$K$254,"Fallido") -> 0 | E32: =B32-C32-D32 -> 18 | F32: =IFERROR(C32/B32,0) -> 0
... A37: Accesibilidad e interfaz | B37: =COUNTIF('Casos de prueba'!$B$2:$B$254,$A37) -> 10 | C37: =COUNTIFS('Casos de prueba'!$B$2:$B$254,$A37,'Casos de prueba'!$K$2:$K$254,"Aprobado") -> 0 | D37: =COUNTIFS('Casos de prueba'!$B$2:$B$254,$A37,'Casos de prueba'!$K$2:$K$254,"Fallido") -> 0 | E37: =B37-C37-D37 -> 10 | F37: =IFERROR(C37/B37,0) -> 0
A39: Criterio de entrega
A40: Casos A fallidos | B40: =D6 -> 0
A41: Estado | B41: =IF(B40=0,"Cumple: ningún caso de prioridad A fallido","No cumple: hay casos de prioridad A fallidos") -> Cumple: ningún caso de prioridad A fallido

Sheet Casos de prueba
A1: ID | B1: Módulo | C1: Precondición | D1: Pasos | E1: Resultado esperado | F1: Prioridad | G1: Tipo | H1: Entorno | I1: Fecha ejecución | J1: Responsable | K1: Resultado | L1: Evidencia | M1: Defecto asociado
A2: CP-REG-01 | B2: Registro de usuario (CA-48) | C2: Sin sesión | D2: Registrar con correo nuevo y contraseña de 8 caracteres | E2: Cuenta creada, redirige a Inicio | F2: A | G2: F | K2: No ejecutado
A3: CP-REG-02 | B3: Registro de usuario (CA-48) | C3: CP-REG-01 ejecutado | D3: Revisar Authentication en consola | E3: El usuario aparece con su correo | F3: A | G3: I | H3: E4 | I3: 46280 | J3: Esteban | K3: Aprobado
A4: CP-REG-03 | B4: Registro de usuario (CA-48) | C4: CP-REG-01 ejecutado | D4: Revisar `users/{uid}` en Firestore | E4: Documento con `trustLevel: 0`, `role: ciudadano`, `validatedReports: 0` | F4: A | G4: I | H4: E4 | I4: 46280 | J4: Esteban | K4: Aprobado
A5: CP-REG-04 | B5: Registro de usuario (CA-48) | C5: Sin sesión | D5: Registrar con correo ya existente | E5: Mensaje "Ese correo ya tiene una cuenta" | F5: A | G5: F | K5: No ejecutado
A6: CP-REG-05 | B6: Registro de usuario (CA-48) | C6: Sin sesión | D6: Escribir `correo@` y salir del campo | E6: Error de formato, botón deshabilitado | F6: A | G6: F | K6: No ejecutado
A7: CP-REG-06 | B7: Registro de usuario (CA-48) | C7: Sin sesión | D7: Escribir `correo sin arroba.cl` | E7: Error de formato | F7: A | G7: F | K7: No ejecutado
A8: CP-REG-07 | B8: Registro de usuario (CA-48) | C8: Sin sesión | D8: Contraseña de 5 caracteres | E8: Error de longitud mínima | F8: A | G8: F | K8: No ejecutado
A9: CP-REG-08 | B9: Registro de usuario (CA-48) | C9: Sin sesión | D9: Contraseñas que no coinciden | E9: Mensaje "Las contraseñas no coinciden" | F9: A | G9: F | K9: No ejecutado
A10: CP-REG-09 | B10: Registro de usuario (CA-48) | C10: Sin sesión | D10: Nombre para mostrar de 2 caracteres | E10: Error "Usa al menos 3 caracteres" | F10: B | G10: F | K10: No ejecutado
A11: CP-REG-10 | B11: Registro de usuario (CA-48) | C11: Sin sesión | D11: Dejar todos los campos vacíos y tocar el botón | E11: Botón deshabilitado, sin envío | F11: A | G11: F | K11: No ejecutado
A12: CP-REG-11 | B12: Registro de usuario (CA-48) | C12: Sin sesión | D12: Correo con mayúsculas `Rodrigo@Prueba.CL` | E12: Se normaliza a minúsculas al guardar | F12: B | G12: F | K12: No ejecutado
A13: CP-REG-12 | B13: Registro de usuario (CA-48) | C13: Sin sesión | D13: Correo con espacios al inicio y al final | E13: Se recorta y el registro funciona | F13: B | G13: F | K13: No ejecutado
A14: CP-REG-13 | B14: Registro de usuario (CA-48) | C14: Sin sesión | D14: Registrar sin nombre para mostrar (campo mínimo válido) | E14: Se usa la parte previa a la arroba | F14: C | G14: F | K14: No ejecutado
A15: CP-REG-14 | B15: Registro de usuario (CA-48) | C15: Modo avión | D15: Intentar registrar | E15: Mensaje de error de conexión, sin bloqueo de la app | F15: A | G15: F | K15: No ejecutado
A16: CP-REG-15 | B16: Registro de usuario (CA-48) | C16: Sin sesión | D16: Contraseña de 100 caracteres | E16: Se acepta, el inicio de sesión posterior funciona | F16: C | G16: F | K16: No ejecutado
... A254: CP-ACC-10 | B254: Accesibilidad e interfaz | C254: Aplicación en ejecución con sesión activa | D254: Consistencia de la paleta | E254: Todas las pantallas usan las variables del tema | F254: C | G254: UX | K254: No ejecutado

Sheet Regresión
A1: Recorrido de regresión antes de cada entrega
A2: Ejecutar en orden. Si alguno falla, la entrega se detiene.
A4: Orden | B4: Caso | C4: Descripción | D4: Resultado | E4: Observación
A5: 1 | B5: CP-REG-01 | C5: Registrar una cuenta nueva | D5: No ejecutado
A6: 2 | B6: CP-LOG-01 | C6: Iniciar sesión con credenciales válidas | D6: No ejecutado
A7: 3 | B7: CP-SES-01 | C7: Verificar el bloqueo de rutas privadas | D7: No ejecutado
A8: 4 | B8: CP-SES-06 | C8: Persistencia de sesión tras cerrar la app | D8: No ejecutado
A9: 5 | B9: CP-FOT-01 | C9: Adjuntar fotografía desde la cámara | D9: No ejecutado
A10: 6 | B10: CP-UBI-02 | C10: Obtener la ubicación actual | D10: No ejecutado
A11: 7 | B11: CP-DES-08 | C11: Enviar un reporte completo | D11: No ejecutado
A12: 8 | B12: CP-DUP-01 | C12: Detectar una coincidencia cercana | D12: No ejecutado
A13: 9 | B13: CP-CON-01 | C13: Confirmar un reporte de otro usuario | D13: No ejecutado
A14: 10 | B14: CP-INC-01 | C14: Ver el mapa de incidencias | D14: No ejecutado
A15: 11 | B15: CP-DET-03 | C15: Abrir el detalle y cargar la fotografía | D15: No ejecutado
A16: 12 | B16: CP-HIS-01 | C16: Revisar el historial propio | D16: No ejecutado
... A18: 14 | B18: CP-SES-07 | C18: Cerrar sesión | D18: No ejecutado
B20: Aprobados | C20: =COUNTIF(D5:D18,"Aprobado")&" de 14" -> 0 de 14

Sheet Trazabilidad
A1: Trazabilidad de historias y tareas
A2: La cobertura se calcula sobre la hoja "Casos de prueba".
A4: Historia o tarea | B4: Módulo del plan | C4: Casos | D4: Aprobados | E4: Cobertura
A5: CA-45 / CA-78 · Configuración de Firebase | B5: Registro de usuario (CA-48) | C5: =COUNTIF('Casos de prueba'!$B$2:$B$254,$B5) -> 18 | D5: =COUNTIFS('Casos de prueba'!$B$2:$B$254,$B5,'Casos de prueba'!$K$2:$K$254,"Aprobado") -> 2 | E5: =IFERROR(D5/C5,0) -> 0.11111111
A6: CA-48 · Registro de usuario | B6: Registro de usuario (CA-48) | C6: =COUNTIF('Casos de prueba'!$B$2:$B$254,$B6) -> 18 | D6: =COUNTIFS('Casos de prueba'!$B$2:$B$254,$B6,'Casos de prueba'!$K$2:$K$254,"Aprobado") -> 2 | E6: =IFERROR(D6/C6,0) -> 0.11111111
A7: CA-49 · Inicio de sesión | B7: Inicio de sesión (CA-49) | C7: =COUNTIF('Casos de prueba'!$B$2:$B$254,$B7) -> 12 | D7: =COUNTIFS('Casos de prueba'!$B$2:$B$254,$B7,'Casos de prueba'!$K$2:$K$254,"Aprobado") -> 0 | E7: =IFERROR(D7/C7,0) -> 0
A8: CA-50 / CA-77 · Acceso y cierre de sesión | B8: Sesión y control de acceso (CA-50, CA-77) | C8: =COUNTIF('Casos de prueba'!$B$2:$B$254,$B8) -> 12 | D8: =COUNTIFS('Casos de prueba'!$B$2:$B$254,$B8,'Casos de prueba'!$K$2:$K$254,"Aprobado") -> 0 | E8: =IFERROR(D8/C8,0) -> 0
A9: CA-75 · Recuperación de contraseña | B9: Recuperación de contraseña (CA-75) | C9: =COUNTIF('Casos de prueba'!$B$2:$B$254,$B9) -> 10 | D9: =COUNTIFS('Casos de prueba'!$B$2:$B$254,$B9,'Casos de prueba'!$K$2:$K$254,"Aprobado") -> 0 | E9: =IFERROR(D9/C9,0) -> 0
A10: CA-79 · Reglas de seguridad | B10: Reglas de seguridad de Firestore (CA-79) | C10: =COUNTIF('Casos de prueba'!$B$2:$B$254,$B10) -> 33 | D10: =COUNTIFS('Casos de prueba'!$B$2:$B$254,$B10,'Casos de prueba'!$K$2:$K$254,"Aprobado") -> 0 | E10: =IFERROR(D10/C10,0) -> 0
A11: CA-51 · SDK de mapas | B11: Componente de mapa (CA-51) | C11: =COUNTIF('Casos de prueba'!$B$2:$B$254,$B11) -> 12 | D11: =COUNTIFS('Casos de prueba'!$B$2:$B$254,$B11,'Casos de prueba'!$K$2:$K$254,"Aprobado") -> 0 | E11: =IFERROR(D11/C11,0) -> 0
A12: CA-52 · Geolocalización | B12: Ubicación del reporte (CA-52) | C12: =COUNTIF('Casos de prueba'!$B$2:$B$254,$B12) -> 12 | D12: =COUNTIFS('Casos de prueba'!$B$2:$B$254,$B12,'Casos de prueba'!$K$2:$K$254,"Aprobado") -> 0 | E12: =IFERROR(D12/C12,0) -> 0
A13: HU · Evidencia fotográfica | B13: Fotografía del reporte | C13: =COUNTIF('Casos de prueba'!$B$2:$B$254,$B13) -> 18 | D13: =COUNTIFS('Casos de prueba'!$B$2:$B$254,$B13,'Casos de prueba'!$K$2:$K$254,"Aprobado") -> 0 | E13: =IFERROR(D13/C13,0) -> 0
A14: HU · Descripción y validación inicial | B14: Descripción y creación del reporte | C14: =COUNTIF('Casos de prueba'!$B$2:$B$254,$B14) -> 20 | D14: =COUNTIFS('Casos de prueba'!$B$2:$B$254,$B14,'Casos de prueba'!$K$2:$K$254,"Aprobado") -> 0 | E14: =IFERROR(D14/C14,0) -> 0
A15: HU-20 · Detección de coincidencias | B15: Detección de coincidencias (HU-20) | C15: =COUNTIF('Casos de prueba'!$B$2:$B$254,$B15) -> 18 | D15: =COUNTIFS('Casos de prueba'!$B$2:$B$254,$B15,'Casos de prueba'!$K$2:$K$254,"Aprobado") -> 0 | E15: =IFERROR(D15/C15,0) -> 0
A16: HU-21/22 · Confirmación comunitaria | B16: Confirmación comunitaria (HU-21/22) | C16: =COUNTIF('Casos de prueba'!$B$2:$B$254,$B16) -> 12 | D16: =COUNTIFS('Casos de prueba'!$B$2:$B$254,$B16,'Casos de prueba'!$K$2:$K$254,"Aprobado") -> 0 | E16: =IFERROR(D16/C16,0) -> 0
... A22: Transversal · Accesibilidad | B22: Accesibilidad e interfaz | C22: =COUNTIF('Casos de prueba'!$B$2:$B$254,$B22) -> 10 | D22: =COUNTIFS('Casos de prueba'!$B$2:$B$254,$B22,'Casos de prueba'!$K$2:$K$254,"Aprobado") -> 0 | E22: =IFERROR(D22/C22,0) -> 0
